Model,Metric,Mean,Std,Min,Max,Scores
Model B — Enriched,accuracy,0.9528,0.0095,0.94,0.968,"[0.94, 0.956, 0.954, 0.946, 0.968]"
Model B — Enriched,f1,0.9496,0.01,0.9367,0.9658,"[0.9367088607594937, 0.9531914893617022, 0.9503239740820735, 0.9419354838709677, 0.9658119658119658]"
Model B — Enriched,roc_auc,0.9692,0.0081,0.958,0.982,"[0.9688238414428317, 0.9729308321679445, 0.9640497661185321, 0.9580039843197738, 0.9819821990874623]"
Model B — Enriched,precision,0.9473,0.0149,0.9212,0.9658,"[0.921161825726141, 0.9451476793248945, 0.9565217391304348, 0.948051948051948, 0.9658119658119658]"
Model B — Enriched,recall,0.952,0.0109,0.9359,0.9658,"[0.9527896995708155, 0.9613733905579399, 0.944206008583691, 0.9358974358974359, 0.9658119658119658]"
