Model,Metric,Mean,Std,Min,Max,Scores
Model B — Enriched,accuracy,0.9624,0.0074,0.956,0.976,"[0.964, 0.976, 0.96, 0.956, 0.956]"
Model B — Enriched,f1,0.9581,0.0084,0.9509,0.9736,"[0.9598214285714286, 0.973568281938326, 0.9551569506726457, 0.9511111111111111, 0.9508928571428571]"
Model B — Enriched,roc_auc,0.9599,0.0078,0.9532,0.9742,"[0.9613733905579399, 0.9742489270386265, 0.9570815450643777, 0.9535055587687166, 0.9532485058800847]"
Model B — Enriched,precision,0.9972,0.0037,0.9907,1.0,"[1.0, 1.0, 1.0, 0.9907407407407407, 0.9953271028037384]"
Model B — Enriched,recall,0.922,0.0138,0.9103,0.9485,"[0.9227467811158798, 0.9484978540772532, 0.9141630901287554, 0.9145299145299145, 0.9102564102564102]"
